{"train/learning_rate":1.3986013986013987e-07,"_wandb":{"runtime":2565},"_timestamp":1.7546178731725612e+09,"_step":153,"train_loss":0.8455305227267197,"train/loss":0.2951,"train_steps_per_second":0.596,"train_runtime":2565.7157,"train/epoch":10,"_runtime":2565,"train/grad_norm":3.402771234512329,"train/global_step":1530,"train_samples_per_second":4.747,"total_flos":5.4705883856256e+15}