{"train/global_step":50,"total_flos":4.51127560965888e+15,"train_loss":2.8100909042358397,"_timestamp":1.7546251827233655e+09,"train_samples_per_second":22.476,"_wandb":{"runtime":270},"_runtime":270,"train/grad_norm":0.7921383380889893,"train/learning_rate":4.9e-05,"train/epoch":5,"_step":5,"train/loss":2.0028,"train_steps_per_second":0.185,"train_runtime":270.9535}