{"_timestamp":1.7546239813227682e+09,"_wandb":{"runtime":4536},"train/learning_rate":1.1111111111111112e-07,"train/global_step":1000,"train_runtime":4536.9727,"train_samples_per_second":26.846,"train_loss":0.48970656645298005,"train/epoch":100,"train/loss":0.1943,"train_steps_per_second":0.22,"_runtime":4536,"_step":100,"train/grad_norm":0.3147274851799011,"total_flos":9.013421801056512e+16}