{"_step":153,"train_runtime":2435.3136,"total_flos":4.8676296266496e+15,"train/learning_rate":1.3986013986013987e-07,"train_samples_per_second":5.001,"train/epoch":10,"train_loss":0.9445669323790307,"_wandb":{"runtime":2435},"_runtime":2435,"train/loss":0.3299,"train/global_step":1530,"_timestamp":1.754569880673205e+09,"train_steps_per_second":0.628,"train/grad_norm":3.32537579536438}