{"_step":45,"train/loss":1.0112,"train/epoch":3,"train/learning_rate":6.128133704735376e-06,"train_samples_per_second":2.934,"train/grad_norm":2.4277560710906982,"_timestamp":1.7545657465112529e+09,"train_runtime":1245.1986,"_wandb":{"runtime":770},"_runtime":770,"train_steps_per_second":0.369,"total_flos":1.46032189066368e+15,"train_loss":1.6163542130414177,"train/global_step":459}